FIPS Code,County Name
codes,"have two digits, county-level FIPS codes have five digits of which the"
first,two are the FIPS code of the state to which the county belongs.  When
using,"the list below to look up county FIPS codes, it is advisable to first look"
up th,e FIPS code for the state to which the county belongs.  This will help you
ident,"ify the right section of the list while scrolling down, which can be"
impor,tant since there are over 3000 counties and county-equivalents (e.g.
indep,"endent cities, parishes, boroughs) in the United States."
st,ate-level    place
F,IPS code     name
--,---------   -------
,01        ALABAMA
,02        ALASKA
,04        ARIZONA
,05        ARKANSAS
,06        CALIFORNIA
,08        COLORADO
,09        CONNECTICUT
,10        DELAWARE
,11        DISTRICT OF COLUMBIA
,12        FLORIDA
,13        GEORGIA
,15        HAWAII
,16        IDAHO
,17        ILLINOIS
,18        INDIANA
,19        IOWA
,20        KANSAS
,21        KENTUCKY
,22        LOUISIANA
,23        MAINE
,24        MARYLAND
,25        MASSACHUSETTS
,26        MICHIGAN
,27        MINNESOTA
,28        MISSISSIPPI
,29        MISSOURI
,30        MONTANA
,31        NEBRASKA
,32        NEVADA
,33        NEW HAMPSHIRE
,34        NEW JERSEY
,35        NEW MEXICO
,36        NEW YORK
,37        NORTH CAROLINA
,38        NORTH DAKOTA
,39        OHIO
,40        OKLAHOMA
,41        OREGON
,42        PENNSYLVANIA
,44        RHODE ISLAND
,45        SOUTH CAROLINA
,46        SOUTH DAKOTA
,47        TENNESSEE
,48        TEXAS
,49        UTAH
,50        VERMONT
,51        VIRGINIA
,53        WASHINGTON
,54        WEST VIRGINIA
,55        WISCONSIN
,56        WYOMING
coun,ty-level      place
FIP,S code        name
----,--------    --------------
0,1000        Alabama
0,1001        Autauga County
0,1003        Baldwin County
0,1005        Barbour County
0,1007        Bibb County
0,1009        Blount County
0,1011        Bullock County
0,1013        Butler County
0,1015        Calhoun County
0,1017        Chambers County
0,1019        Cherokee County
0,1021        Chilton County
0,1023        Choctaw County
0,1025        Clarke County
0,1027        Clay County
0,1029        Cleburne County
0,1031        Coffee County
0,1033        Colbert County
0,1035        Conecuh County
0,1037        Coosa County
0,1039        Covington County
0,1041        Crenshaw County
0,1043        Cullman County
0,1045        Dale County
0,1047        Dallas County
0,1049        DeKalb County
0,1051        Elmore County
0,1053        Escambia County
0,1055        Etowah County
0,1057        Fayette County
0,1059        Franklin County
0,1061        Geneva County
0,1063        Greene County
0,1065        Hale County
0,1067        Henry County
0,1069        Houston County
0,1071        Jackson County
0,1073        Jefferson County
0,1075        Lamar County
0,1077        Lauderdale County
0,1079        Lawrence County
0,1081        Lee County
0,1083        Limestone County
0,1085        Lowndes County
0,1087        Macon County
0,1089        Madison County
0,1091        Marengo County
0,1093        Marion County
0,1095        Marshall County
0,1097        Mobile County
0,1099        Monroe County
0,1101        Montgomery County
0,1103        Morgan County
0,1105        Perry County
0,1107        Pickens County
0,1109        Pike County
0,1111        Randolph County
0,1113        Russell County
0,1115        St. Clair County
0,1117        Shelby County
0,1119        Sumter County
0,1121        Talladega County
0,1123        Tallapoosa County
0,1125        Tuscaloosa County
0,1127        Walker County
0,1129        Washington County
0,1131        Wilcox County
0,1133        Winston County
0,2000        Alaska
0,2013        Aleutians East Borough
0,2016        Aleutians West Census Area
0,2020        Anchorage Borough
0,2050        Bethel Census Area
0,2060        Bristol Bay Borough
0,2068        Denali Borough                         (created after 1990)
0,2070        Dillingham Census Area
0,2090        Fairbanks North Star Borough
0,2100        Haines Borough
0,2110        Juneau Borough
0,2122        Kenai Peninsula Borough
0,2130        Ketchikan Gateway Borough
0,2150        Kodiak Island Borough
0,2164        Lake and Peninsula Borough
0,2170        Matanuska-Susitna Borough
0,2180        Nome Census Area
0,2185        North Slope Borough
0,2188        Northwest Arctic Borough
0,2201        Prince of Wales-Outer Ketchikan Census Area
0,2220        Sitka Borough
0,2231        Skagway-Yakutat-Angoon Census Area         (1990 Census Area)
0,2232        Skagway-Hoonah-Angoon Census Area          (created after 1990)
0,2240        Southeast Fairbanks Census Area
0,2261        Valdez-Cordova Census Area
0,2270        Wade Hampton Census Area
0,2280        Wrangell-Petersburg Census Area
0,2282        Yakutat Borough                       (created after 1990)
0,2290        Yukon-Koyukuk Census Area
0,4000        Arizona
0,4001        Apache County
0,4003        Cochise County
0,4005        Coconino County
0,4007        Gila County
0,4009        Graham County
0,4011        Greenlee County
0,4012        La Paz County
0,4013        Maricopa County
0,4015        Mohave County
0,4017        Navajo County
0,4019        Pima County
0,4021        Pinal County
0,4023        Santa Cruz County
0,4025        Yavapai County
0,4027        Yuma County
0,5000        Arkansas
0,5001        Arkansas County
0,5003        Ashley County
0,5005        Baxter County
0,5007        Benton County
0,5009        Boone County
0,5011        Bradley County
0,5013        Calhoun County
0,5015        Carroll County
0,5017        Chicot County
0,5019        Clark County
0,5021        Clay County
0,5023        Cleburne County
0,5025        Cleveland County
0,5027        Columbia County
0,5029        Conway County
0,5031        Craighead County
0,5033        Crawford County
0,5035        Crittenden County
0,5037        Cross County
0,5039        Dallas County
0,5041        Desha County
0,5043        Drew County
0,5045        Faulkner County
0,5047        Franklin County
0,5049        Fulton County
0,5051        Garland County
0,5053        Grant County
0,5055        Greene County
0,5057        Hempstead County
0,5059        Hot Spring County
0,5061        Howard County
0,5063        Independence County
0,5065        Izard County
0,5067        Jackson County
0,5069        Jefferson County
0,5071        Johnson County
0,5073        Lafayette County
0,5075        Lawrence County
0,5077        Lee County
0,5079        Lincoln County
0,5081        Little River County
0,5083        Logan County
0,5085        Lonoke County
0,5087        Madison County
0,5089        Marion County
0,5091        Miller County
0,5093        Mississippi County
0,5095        Monroe County
0,5097        Montgomery County
0,5099        Nevada County
0,5101        Newton County
0,5103        Ouachita County
0,5105        Perry County
0,5107        Phillips County
0,5109        Pike County
0,5111        Poinsett County
0,5113        Polk County
0,5115        Pope County
0,5117        Prairie County
0,5119        Pulaski County
0,5121        Randolph County
0,5123        St. Francis County
0,5125        Saline County
0,5127        Scott County
0,5129        Searcy County
0,5131        Sebastian County
0,5133        Sevier County
0,5135        Sharp County
0,5137        Stone County
0,5139        Union County
0,5141        Van Buren County
0,5143        Washington County
0,5145        White County
0,5147        Woodruff County
0,5149        Yell County
0,6000        California
0,6001        Alameda County
0,6003        Alpine County
0,6005        Amador County
0,6007        Butte County
0,6009        Calaveras County
0,6011        Colusa County
0,6013        Contra Costa County
0,6015        Del Norte County
0,6017        El Dorado County
0,6019        Fresno County
0,6021        Glenn County
0,6023        Humboldt County
0,6025        Imperial County
0,6027        Inyo County
0,6029        Kern County
0,6031        Kings County
0,6033        Lake County
0,6035        Lassen County
0,6037        Los Angeles County
0,6039        Madera County
0,6041        Marin County
0,6043        Mariposa County
0,6045        Mendocino County
0,6047        Merced County
0,6049        Modoc County
0,6051        Mono County
0,6053        Monterey County
0,6055        Napa County
0,6057        Nevada County
0,6059        Orange County
0,6061        Placer County
0,6063        Plumas County
0,6065        Riverside County
0,6067        Sacramento County
0,6069        San Benito County
0,6071        San Bernardino County
0,6073        San Diego County
0,6075        San Francisco County
0,6077        San Joaquin County
0,6079        San Luis Obispo County
0,6081        San Mateo County
0,6083        Santa Barbara County
0,6085        Santa Clara County
0,6087        Santa Cruz County
0,6089        Shasta County
0,6091        Sierra County
0,6093        Siskiyou County
0,6095        Solano County
0,6097        Sonoma County
0,6099        Stanislaus County
0,6101        Sutter County
0,6103        Tehama County
0,6105        Trinity County
0,6107        Tulare County
0,6109        Tuolumne County
0,6111        Ventura County
0,6113        Yolo County
0,6115        Yuba County
0,8000        Colorado
0,8001        Adams County
0,8003        Alamosa County
0,8005        Arapahoe County
0,8007        Archuleta County
0,8009        Baca County
0,8011        Bent County
0,8013        Boulder County
0,8015        Chaffee County
0,8017        Cheyenne County
0,8019        Clear Creek County
0,8021        Conejos County
0,8023        Costilla County
0,8025        Crowley County
0,8027        Custer County
0,8029        Delta County
0,8031        Denver County
0,8033        Dolores County
0,8035        Douglas County
0,8037        Eagle County
0,8039        Elbert County
0,8041        El Paso County
0,8043        Fremont County
0,8045        Garfield County
0,8047        Gilpin County
0,8049        Grand County
0,8051        Gunnison County
0,8053        Hinsdale County
0,8055        Huerfano County
0,8057        Jackson County
0,8059        Jefferson County
0,8061        Kiowa County
0,8063        Kit Carson County
0,8065        Lake County
0,8067        La Plata County
0,8069        Larimer County
0,8071        Las Animas County
0,8073        Lincoln County
0,8075        Logan County
0,8077        Mesa County
0,8079        Mineral County
0,8081        Moffat County
0,8083        Montezuma County
0,8085        Montrose County
0,8087        Morgan County
0,8089        Otero County
0,8091        Ouray County
0,8093        Park County
0,8095        Phillips County
0,8097        Pitkin County
0,8099        Prowers County
0,8101        Pueblo County
0,8103        Rio Blanco County
0,8105        Rio Grande County
0,8107        Routt County
0,8109        Saguache County
0,8111        San Juan County
0,8113        San Miguel County
0,8115        Sedgwick County
0,8117        Summit County
0,8119        Teller County
0,8121        Washington County
0,8123        Weld County
0,8125        Yuma County
0,9000        Connecticut
0,9001        Fairfield County
0,9003        Hartford County
0,9005        Litchfield County
0,9007        Middlesex County
0,9009        New Haven County
0,9011        New London County
0,9013        Tolland County
0,9015        Windham County
1,0000        Delaware
1,0001        Kent County
1,0003        New Castle County
1,0005        Sussex County
1,1000        District of Columbia
1,1001        District of Columbia
1,2000        Florida
1,2001        Alachua County
1,2003        Baker County
1,2005        Bay County
1,2007        Bradford County
1,2009        Brevard County
1,2011        Broward County
1,2013        Calhoun County
1,2015        Charlotte County
1,2017        Citrus County
1,2019        Clay County
1,2021        Collier County
1,2023        Columbia County
1,2025        Dade County
1,2027        DeSoto County
1,2029        Dixie County
1,2031        Duval County
1,2033        Escambia County
1,2035        Flagler County
1,2037        Franklin County
1,2039        Gadsden County
1,2041        Gilchrist County
1,2043        Glades County
1,2045        Gulf County
1,2047        Hamilton County
1,2049        Hardee County
1,2051        Hendry County
1,2053        Hernando County
1,2055        Highlands County
1,2057        Hillsborough County
1,2059        Holmes County
1,2061        Indian River County
1,2063        Jackson County
1,2065        Jefferson County
1,2067        Lafayette County
1,2069        Lake County
1,2071        Lee County
1,2073        Leon County
1,2075        Levy County
1,2077        Liberty County
1,2079        Madison County
1,2081        Manatee County
1,2083        Marion County
1,2085        Martin County
1,2087        Monroe County
1,2089        Nassau County
1,2091        Okaloosa County
1,2093        Okeechobee County
1,2095        Orange County
1,2097        Osceola County
1,2099        Palm Beach County
1,2101        Pasco County
1,2103        Pinellas County
1,2105        Polk County
1,2107        Putnam County
1,2109        St. Johns County
1,2111        St. Lucie County
1,2113        Santa Rosa County
1,2115        Sarasota County
1,2117        Seminole County
1,2119        Sumter County
1,2121        Suwannee County
1,2123        Taylor County
1,2125        Union County
1,2127        Volusia County
1,2129        Wakulla County
1,2131        Walton County
1,2133        Washington County
1,3000        Georgia
1,3001        Appling County
1,3003        Atkinson County
1,3005        Bacon County
1,3007        Baker County
1,3009        Baldwin County
1,3011        Banks County
1,3013        Barrow County
1,3015        Bartow County
1,3017        Ben Hill County
1,3019        Berrien County
1,3021        Bibb County
1,3023        Bleckley County
1,3025        Brantley County
1,3027        Brooks County
1,3029        Bryan County
1,3031        Bulloch County
1,3033        Burke County
1,3035        Butts County
1,3037        Calhoun County
1,3039        Camden County
1,3043        Candler County
1,3045        Carroll County
1,3047        Catoosa County
1,3049        Charlton County
1,3051        Chatham County
1,3053        Chattahoochee County
1,3055        Chattooga County
1,3057        Cherokee County
1,3059        Clarke County
1,3061        Clay County
1,3063        Clayton County
1,3065        Clinch County
1,3067        Cobb County
1,3069        Coffee County
1,3071        Colquitt County
1,3073        Columbia County
1,3075        Cook County
1,3077        Coweta County
1,3079        Crawford County
1,3081        Crisp County
1,3083        Dade County
1,3085        Dawson County
1,3087        Decatur County
1,3089        DeKalb County
1,3091        Dodge County
1,3093        Dooly County
1,3095        Dougherty County
1,3097        Douglas County
1,3099        Early County
1,3101        Echols County
1,3103        Effingham County
1,3105        Elbert County
1,3107        Emanuel County
1,3109        Evans County
1,3111        Fannin County
1,3113        Fayette County
1,3115        Floyd County
1,3117        Forsyth County
1,3119        Franklin County
1,3121        Fulton County
1,3123        Gilmer County
1,3125        Glascock County
1,3127        Glynn County
1,3129        Gordon County
1,3131        Grady County
1,3133        Greene County
1,3135        Gwinnett County
1,3137        Habersham County
1,3139        Hall County
1,3141        Hancock County
1,3143        Haralson County
1,3145        Harris County
1,3147        Hart County
1,3149        Heard County
1,3151        Henry County
1,3153        Houston County
1,3155        Irwin County
1,3157        Jackson County
1,3159        Jasper County
1,3161        Jeff Davis County
1,3163        Jefferson County
1,3165        Jenkins County
1,3167        Johnson County
1,3169        Jones County
1,3171        Lamar County
1,3173        Lanier County
1,3175        Laurens County
1,3177        Lee County
1,3179        Liberty County
1,3181        Lincoln County
1,3183        Long County
1,3185        Lowndes County
1,3187        Lumpkin County
1,3189        McDuffie County
1,3191        McIntosh County
1,3193        Macon County
1,3195        Madison County
1,3197        Marion County
1,3199        Meriwether County
1,3201        Miller County
1,3205        Mitchell County
1,3207        Monroe County
1,3209        Montgomery County
1,3211        Morgan County
1,3213        Murray County
1,3215        Muscogee County
1,3217        Newton County
1,3219        Oconee County
1,3221        Oglethorpe County
1,3223        Paulding County
1,3225        Peach County
1,3227        Pickens County
1,3229        Pierce County
1,3231        Pike County
1,3233        Polk County
1,3235        Pulaski County
1,3237        Putnam County
1,3239        Quitman County
1,3241        Rabun County
1,3243        Randolph County
1,3245        Richmond County
1,3247        Rockdale County
1,3249        Schley County
1,3251        Screven County
1,3253        Seminole County
1,3255        Spalding County
1,3257        Stephens County
1,3259        Stewart County
1,3261        Sumter County
1,3263        Talbot County
1,3265        Taliaferro County
1,3267        Tattnall County
1,3269        Taylor County
1,3271        Telfair County
1,3273        Terrell County
1,3275        Thomas County
1,3277        Tift County
1,3279        Toombs County
1,3281        Towns County
1,3283        Treutlen County
1,3285        Troup County
1,3287        Turner County
1,3289        Twiggs County
1,3291        Union County
1,3293        Upson County
1,3295        Walker County
1,3297        Walton County
1,3299        Ware County
1,3301        Warren County
1,3303        Washington County
1,3305        Wayne County
1,3307        Webster County
1,3309        Wheeler County
1,3311        White County
1,3313        Whitfield County
1,3315        Wilcox County
1,3317        Wilkes County
1,3319        Wilkinson County
1,3321        Worth County
1,5000        Hawaii
1,5001        Hawaii County
1,5003        Honolulu County
1,5005        Kalawao County
1,5007        Kauai County
1,5009        Maui County
1,6000        Idaho
1,6001        Ada County
1,6003        Adams County
1,6005        Bannock County
1,6007        Bear Lake County
1,6009        Benewah County
1,6011        Bingham County
1,6013        Blaine County
1,6015        Boise County
1,6017        Bonner County
1,6019        Bonneville County
1,6021        Boundary County
1,6023        Butte County
1,6025        Camas County
1,6027        Canyon County
1,6029        Caribou County
1,6031        Cassia County
1,6033        Clark County
1,6035        Clearwater County
1,6037        Custer County
1,6039        Elmore County
1,6041        Franklin County
1,6043        Fremont County
1,6045        Gem County
1,6047        Gooding County
1,6049        Idaho County
1,6051        Jefferson County
1,6053        Jerome County
1,6055        Kootenai County
1,6057        Latah County
1,6059        Lemhi County
1,6061        Lewis County
1,6063        Lincoln County
1,6065        Madison County
1,6067        Minidoka County
1,6069        Nez Perce County
1,6071        Oneida County
1,6073        Owyhee County
1,6075        Payette County
1,6077        Power County
1,6079        Shoshone County
1,6081        Teton County
1,6083        Twin Falls County
1,6085        Valley County
1,6087        Washington County
1,7000        Illinois
1,7001        Adams County
1,7003        Alexander County
1,7005        Bond County
1,7007        Boone County
1,7009        Brown County
1,7011        Bureau County
1,7013        Calhoun County
1,7015        Carroll County
1,7017        Cass County
1,7019        Champaign County
1,7021        Christian County
1,7023        Clark County
1,7025        Clay County
1,7027        Clinton County
1,7029        Coles County
1,7031        Cook County
1,7033        Crawford County
1,7035        Cumberland County
1,7037        DeKalb County
1,7039        De Witt County
1,7041        Douglas County
1,7043        DuPage County
1,7045        Edgar County
1,7047        Edwards County
1,7049        Effingham County
1,7051        Fayette County
1,7053        Ford County
1,7055        Franklin County
1,7057        Fulton County
1,7059        Gallatin County
1,7061        Greene County
1,7063        Grundy County
1,7065        Hamilton County
1,7067        Hancock County
1,7069        Hardin County
1,7071        Henderson County
1,7073        Henry County
1,7075        Iroquois County
1,7077        Jackson County
1,7079        Jasper County
1,7081        Jefferson County
1,7083        Jersey County
1,7085        Jo Daviess County
1,7087        Johnson County
1,7089        Kane County
1,7091        Kankakee County
1,7093        Kendall County
1,7095        Knox County
1,7097        Lake County
1,7099        La Salle County
1,7101        Lawrence County
1,7103        Lee County
1,7105        Livingston County
1,7107        Logan County
1,7109        McDonough County
1,7111        McHenry County
1,7113        McLean County
1,7115        Macon County
1,7117        Macoupin County
1,7119        Madison County
1,7121        Marion County
1,7123        Marshall County
1,7125        Mason County
1,7127        Massac County
1,7129        Menard County
1,7131        Mercer County
1,7133        Monroe County
1,7135        Montgomery County
1,7137        Morgan County
1,7139        Moultrie County
1,7141        Ogle County
1,7143        Peoria County
1,7145        Perry County
1,7147        Piatt County
1,7149        Pike County
1,7151        Pope County
1,7153        Pulaski County
1,7155        Putnam County
1,7157        Randolph County
1,7159        Richland County
1,7161        Rock Island County
1,7163        St. Clair County
1,7165        Saline County
1,7167        Sangamon County
1,7169        Schuyler County
1,7171        Scott County
1,7173        Shelby County
1,7175        Stark County
1,7177        Stephenson County
1,7179        Tazewell County
1,7181        Union County
1,7183        Vermilion County
1,7185        Wabash County
1,7187        Warren County
1,7189        Washington County
1,7191        Wayne County
1,7193        White County
1,7195        Whiteside County
1,7197        Will County
1,7199        Williamson County
1,7201        Winnebago County
1,7203        Woodford County
1,8000        Indiana
1,8001        Adams County
1,8003        Allen County
1,8005        Bartholomew County
1,8007        Benton County
1,8009        Blackford County
1,8011        Boone County
1,8013        Brown County
1,8015        Carroll County
1,8017        Cass County
1,8019        Clark County
1,8021        Clay County
1,8023        Clinton County
1,8025        Crawford County
1,8027        Daviess County
1,8029        Dearborn County
1,8031        Decatur County
1,8033        De Kalb County
1,8035        Delaware County
1,8037        Dubois County
1,8039        Elkhart County
1,8041        Fayette County
1,8043        Floyd County
1,8045        Fountain County
1,8047        Franklin County
1,8049        Fulton County
1,8051        Gibson County
1,8053        Grant County
1,8055        Greene County
1,8057        Hamilton County
1,8059        Hancock County
1,8061        Harrison County
1,8063        Hendricks County
1,8065        Henry County
1,8067        Howard County
1,8069        Huntington County
1,8071        Jackson County
1,8073        Jasper County
1,8075        Jay County
1,8077        Jefferson County
1,8079        Jennings County
1,8081        Johnson County
1,8083        Knox County
1,8085        Kosciusko County
1,8087        Lagrange County
1,8089        Lake County
1,8091        La Porte County
1,8093        Lawrence County
1,8095        Madison County
1,8097        Marion County
1,8099        Marshall County
1,8101        Martin County
1,8103        Miami County
1,8105        Monroe County
1,8107        Montgomery County
1,8109        Morgan County
1,8111        Newton County
1,8113        Noble County
1,8115        Ohio County
1,8117        Orange County
1,8119        Owen County
1,8121        Parke County
1,8123        Perry County
1,8125        Pike County
1,8127        Porter County
1,8129        Posey County
1,8131        Pulaski County
1,8133        Putnam County
1,8135        Randolph County
1,8137        Ripley County
1,8139        Rush County
1,8141        St. Joseph County
1,8143        Scott County
1,8145        Shelby County
1,8147        Spencer County
1,8149        Starke County
1,8151        Steuben County
1,8153        Sullivan County
1,8155        Switzerland County
1,8157        Tippecanoe County
1,8159        Tipton County
1,8161        Union County
1,8163        Vanderburgh County
1,8165        Vermillion County
1,8167        Vigo County
1,8169        Wabash County
1,8171        Warren County
1,8173        Warrick County
1,8175        Washington County
1,8177        Wayne County
1,8179        Wells County
1,8181        White County
1,8183        Whitley County
1,9000        Iowa
1,9001        Adair County
1,9003        Adams County
1,9005        Allamakee County
1,9007        Appanoose County
1,9009        Audubon County
1,9011        Benton County
1,9013        Black Hawk County
1,9015        Boone County
1,9017        Bremer County
1,9019        Buchanan County
1,9021        Buena Vista County
1,9023        Butler County
1,9025        Calhoun County
1,9027        Carroll County
1,9029        Cass County
1,9031        Cedar County
1,9033        Cerro Gordo County
1,9035        Cherokee County
1,9037        Chickasaw County
1,9039        Clarke County
1,9041        Clay County
1,9043        Clayton County
1,9045        Clinton County
1,9047        Crawford County
1,9049        Dallas County
1,9051        Davis County
1,9053        Decatur County
1,9055        Delaware County
1,9057        Des Moines County
1,9059        Dickinson County
1,9061        Dubuque County
1,9063        Emmet County
1,9065        Fayette County
1,9067        Floyd County
1,9069        Franklin County
1,9071        Fremont County
1,9073        Greene County
1,9075        Grundy County
1,9077        Guthrie County
1,9079        Hamilton County
1,9081        Hancock County
1,9083        Hardin County
1,9085        Harrison County
1,9087        Henry County
1,9089        Howard County
1,9091        Humboldt County
1,9093        Ida County
1,9095        Iowa County
1,9097        Jackson County
1,9099        Jasper County
1,9101        Jefferson County
1,9103        Johnson County
1,9105        Jones County
1,9107        Keokuk County
1,9109        Kossuth County
1,9111        Lee County
1,9113        Linn County
1,9115        Louisa County
1,9117        Lucas County
1,9119        Lyon County
1,9121        Madison County
1,9123        Mahaska County
1,9125        Marion County
1,9127        Marshall County
1,9129        Mills County
1,9131        Mitchell County
1,9133        Monona County
1,9135        Monroe County
1,9137        Montgomery County
1,9139        Muscatine County
1,9141        O
1,9143        Osceola County
1,9145        Page County
1,9147        Palo Alto County
1,9149        Plymouth County
1,9151        Pocahontas County
1,9153        Polk County
1,9155        Pottawattamie County
1,9157        Poweshiek County
1,9159        Ringgold County
1,9161        Sac County
1,9163        Scott County
1,9165        Shelby County
1,9167        Sioux County
1,9169        Story County
1,9171        Tama County
1,9173        Taylor County
1,9175        Union County
1,9177        Van Buren County
1,9179        Wapello County
1,9181        Warren County
1,9183        Washington County
1,9185        Wayne County
1,9187        Webster County
1,9189        Winnebago County
1,9191        Winneshiek County
1,9193        Woodbury County
1,9195        Worth County
1,9197        Wright County
2,0000        Kansas
2,0001        Allen County
2,0003        Anderson County
2,0005        Atchison County
2,0007        Barber County
2,0009        Barton County
2,0011        Bourbon County
2,0013        Brown County
2,0015        Butler County
2,0017        Chase County
2,0019        Chautauqua County
2,0021        Cherokee County
2,0023        Cheyenne County
2,0025        Clark County
2,0027        Clay County
2,0029        Cloud County
2,0031        Coffey County
2,0033        Comanche County
2,0035        Cowley County
2,0037        Crawford County
2,0039        Decatur County
2,0041        Dickinson County
2,0043        Doniphan County
2,0045        Douglas County
2,0047        Edwards County
2,0049        Elk County
2,0051        Ellis County
2,0053        Ellsworth County
2,0055        Finney County
2,0057        Ford County
2,0059        Franklin County
2,0061        Geary County
2,0063        Gove County
2,0065        Graham County
2,0067        Grant County
2,0069        Gray County
2,0071        Greeley County
2,0073        Greenwood County
2,0075        Hamilton County
2,0077        Harper County
2,0079        Harvey County
2,0081        Haskell County
2,0083        Hodgeman County
2,0085        Jackson County
2,0087        Jefferson County
2,0089        Jewell County
2,0091        Johnson County
2,0093        Kearny County
2,0095        Kingman County
2,0097        Kiowa County
2,0099        Labette County
2,0101        Lane County
2,0103        Leavenworth County
2,0105        Lincoln County
2,0107        Linn County
2,0109        Logan County
2,0111        Lyon County
2,0113        McPherson County
2,0115        Marion County
2,0117        Marshall County
2,0119        Meade County
2,0121        Miami County
2,0123        Mitchell County
2,0125        Montgomery County
2,0127        Morris County
2,0129        Morton County
2,0131        Nemaha County
2,0133        Neosho County
2,0135        Ness County
2,0137        Norton County
2,0139        Osage County
2,0141        Osborne County
2,0143        Ottawa County
2,0145        Pawnee County
2,0147        Phillips County
2,0149        Pottawatomie County
2,0151        Pratt County
2,0153        Rawlins County
2,0155        Reno County
2,0157        Republic County
2,0159        Rice County
2,0161        Riley County
2,0163        Rooks County
2,0165        Rush County
2,0167        Russell County
2,0169        Saline County
2,0171        Scott County
2,0173        Sedgwick County
2,0175        Seward County
2,0177        Shawnee County
2,0179        Sheridan County
2,0181        Sherman County
2,0183        Smith County
2,0185        Stafford County
2,0187        Stanton County
2,0189        Stevens County
2,0191        Sumner County
2,0193        Thomas County
2,0195        Trego County
2,0197        Wabaunsee County
2,0199        Wallace County
2,0201        Washington County
2,0203        Wichita County
2,0205        Wilson County
2,0207        Woodson County
2,0209        Wyandotte County
2,1000        Kentucky
2,1001        Adair County
2,1003        Allen County
2,1005        Anderson County
2,1007        Ballard County
2,1009        Barren County
2,1011        Bath County
2,1013        Bell County
2,1015        Boone County
2,1017        Bourbon County
2,1019        Boyd County
2,1021        Boyle County
2,1023        Bracken County
2,1025        Breathitt County
2,1027        Breckinridge County
2,1029        Bullitt County
2,1031        Butler County
2,1033        Caldwell County
2,1035        Calloway County
2,1037        Campbell County
2,1039        Carlisle County
2,1041        Carroll County
2,1043        Carter County
2,1045        Casey County
2,1047        Christian County
2,1049        Clark County
2,1051        Clay County
2,1053        Clinton County
2,1055        Crittenden County
2,1057        Cumberland County
2,1059        Daviess County
2,1061        Edmonson County
2,1063        Elliott County
2,1065        Estill County
2,1067        Fayette County
2,1069        Fleming County
2,1071        Floyd County
2,1073        Franklin County
2,1075        Fulton County
2,1077        Gallatin County
2,1079        Garrard County
2,1081        Grant County
2,1083        Graves County
2,1085        Grayson County
2,1087        Green County
2,1089        Greenup County
2,1091        Hancock County
2,1093        Hardin County
2,1095        Harlan County
2,1097        Harrison County
2,1099        Hart County
2,1101        Henderson County
2,1103        Henry County
2,1105        Hickman County
2,1107        Hopkins County
2,1109        Jackson County
2,1111        Jefferson County
2,1113        Jessamine County
2,1115        Johnson County
2,1117        Kenton County
2,1119        Knott County
2,1121        Knox County
2,1123        Larue County
2,1125        Laurel County
2,1127        Lawrence County
2,1129        Lee County
2,1131        Leslie County
2,1133        Letcher County
2,1135        Lewis County
2,1137        Lincoln County
2,1139        Livingston County
2,1141        Logan County
2,1143        Lyon County
2,1145        McCracken County
2,1147        McCreary County
2,1149        McLean County
2,1151        Madison County
2,1153        Magoffin County
2,1155        Marion County
2,1157        Marshall County
2,1159        Martin County
2,1161        Mason County
2,1163        Meade County
2,1165        Menifee County
2,1167        Mercer County
2,1169        Metcalfe County
2,1171        Monroe County
2,1173        Montgomery County
2,1175        Morgan County
2,1177        Muhlenberg County
2,1179        Nelson County
2,1181        Nicholas County
2,1183        Ohio County
2,1185        Oldham County
2,1187        Owen County
2,1189        Owsley County
2,1191        Pendleton County
2,1193        Perry County
2,1195        Pike County
2,1197        Powell County
2,1199        Pulaski County
2,1201        Robertson County
2,1203        Rockcastle County
2,1205        Rowan County
2,1207        Russell County
2,1209        Scott County
2,1211        Shelby County
2,1213        Simpson County
2,1215        Spencer County
2,1217        Taylor County
2,1219        Todd County
2,1221        Trigg County
2,1223        Trimble County
2,1225        Union County
2,1227        Warren County
2,1229        Washington County
2,1231        Wayne County
2,1233        Webster County
2,1235        Whitley County
2,1237        Wolfe County
2,1239        Woodford County
2,2000        Louisiana
2,2001        Acadia Parish
2,2003        Allen Parish
2,2005        Ascension Parish
2,2007        Assumption Parish
2,2009        Avoyelles Parish
2,2011        Beauregard Parish
2,2013        Bienville Parish
2,2015        Bossier Parish
2,2017        Caddo Parish
2,2019        Calcasieu Parish
2,2021        Caldwell Parish
2,2023        Cameron Parish
2,2025        Catahoula Parish
2,2027        Claiborne Parish
2,2029        Concordia Parish
2,2031        De Soto Parish
2,2033        East Baton Rouge Parish
2,2035        East Carroll Parish
2,2037        East Feliciana Parish
2,2039        Evangeline Parish
2,2041        Franklin Parish
2,2043        Grant Parish
2,2045        Iberia Parish
2,2047        Iberville Parish
2,2049        Jackson Parish
2,2051        Jefferson Parish
2,2053        Jefferson Davis Parish
2,2055        Lafayette Parish
2,2057        Lafourche Parish
2,2059        La Salle Parish
2,2061        Lincoln Parish
2,2063        Livingston Parish
2,2065        Madison Parish
2,2067        Morehouse Parish
2,2069        Natchitoches Parish
2,2071        Orleans Parish
2,2073        Ouachita Parish
2,2075        Plaquemines Parish
2,2077        Pointe Coupee Parish
2,2079        Rapides Parish
2,2081        Red River Parish
2,2083        Richland Parish
2,2085        Sabine Parish
2,2087        St. Bernard Parish
2,2089        St. Charles Parish
2,2091        St. Helena Parish
2,2093        St. James Parish
2,2095        St. John the Baptist Parish
2,2097        St. Landry Parish
2,2099        St. Martin Parish
2,2101        St. Mary Parish
2,2103        St. Tammany Parish
2,2105        Tangipahoa Parish
2,2107        Tensas Parish
2,2109        Terrebonne Parish
2,2111        Union Parish
2,2113        Vermilion Parish
2,2115        Vernon Parish
2,2117        Washington Parish
2,2119        Webster Parish
2,2121        West Baton Rouge Parish
2,2123        West Carroll Parish
2,2125        West Feliciana Parish
2,2127        Winn Parish
2,3000        Maine
2,3001        Androscoggin County
2,3003        Aroostook County
2,3005        Cumberland County
2,3007        Franklin County
2,3009        Hancock County
2,3011        Kennebec County
2,3013        Knox County
2,3015        Lincoln County
2,3017        Oxford County
2,3019        Penobscot County
2,3021        Piscataquis County
2,3023        Sagadahoc County
2,3025        Somerset County
2,3027        Waldo County
2,3029        Washington County
2,3031        York County
2,4000        Maryland
2,4001        Allegany County
2,4003        Anne Arundel County
2,4005        Baltimore County
2,4009        Calvert County
2,4011        Caroline County
2,4013        Carroll County
2,4015        Cecil County
2,4017        Charles County
2,4019        Dorchester County
2,4021        Frederick County
2,4023        Garrett County
2,4025        Harford County
2,4027        Howard County
2,4029        Kent County
2,4031        Montgomery County
2,4033        Prince George
2,4035        Queen Anne
2,4037        St. Mary
2,4039        Somerset County
2,4041        Talbot County
2,4043        Washington County
2,4045        Wicomico County
2,4047        Worcester County
2,4510        Baltimore city
2,5000        Massachusetts
2,5001        Barnstable County
2,5003        Berkshire County
2,5005        Bristol County
2,5007        Dukes County
2,5009        Essex County
2,5011        Franklin County
2,5013        Hampden County
2,5015        Hampshire County
2,5017        Middlesex County
2,5019        Nantucket County
2,5021        Norfolk County
2,5023        Plymouth County
2,5025        Suffolk County
2,5027        Worcester County
2,6000        Michigan
2,6001        Alcona County
2,6003        Alger County
2,6005        Allegan County
2,6007        Alpena County
2,6009        Antrim County
2,6011        Arenac County
2,6013        Baraga County
2,6015        Barry County
2,6017        Bay County
2,6019        Benzie County
2,6021        Berrien County
2,6023        Branch County
2,6025        Calhoun County
2,6027        Cass County
2,6029        Charlevoix County
2,6031        Cheboygan County
2,6033        Chippewa County
2,6035        Clare County
2,6037        Clinton County
2,6039        Crawford County
2,6041        Delta County
2,6043        Dickinson County
2,6045        Eaton County
2,6047        Emmet County
2,6049        Genesee County
2,6051        Gladwin County
2,6053        Gogebic County
2,6055        Grand Traverse County
2,6057        Gratiot County
2,6059        Hillsdale County
2,6061        Houghton County
2,6063        Huron County
2,6065        Ingham County
2,6067        Ionia County
2,6069        Iosco County
2,6071        Iron County
2,6073        Isabella County
2,6075        Jackson County
2,6077        Kalamazoo County
2,6079        Kalkaska County
2,6081        Kent County
2,6083        Keweenaw County
2,6085        Lake County
2,6087        Lapeer County
2,6089        Leelanau County
2,6091        Lenawee County
2,6093        Livingston County
2,6095        Luce County
2,6097        Mackinac County
2,6099        Macomb County
2,6101        Manistee County
2,6103        Marquette County
2,6105        Mason County
2,6107        Mecosta County
2,6109        Menominee County
2,6111        Midland County
2,6113        Missaukee County
2,6115        Monroe County
2,6117        Montcalm County
2,6119        Montmorency County
2,6121        Muskegon County
2,6123        Newaygo County
2,6125        Oakland County
2,6127        Oceana County
2,6129        Ogemaw County
2,6131        Ontonagon County
2,6133        Osceola County
2,6135        Oscoda County
2,6137        Otsego County
2,6139        Ottawa County
2,6141        Presque Isle County
2,6143        Roscommon County
2,6145        Saginaw County
2,6147        St. Clair County
2,6149        St. Joseph County
2,6151        Sanilac County
2,6153        Schoolcraft County
2,6155        Shiawassee County
2,6157        Tuscola County
2,6159        Van Buren County
2,6161        Washtenaw County
2,6163        Wayne County
2,6165        Wexford County
2,7000        Minnesota
2,7001        Aitkin County
2,7003        Anoka County
2,7005        Becker County
2,7007        Beltrami County
2,7009        Benton County
2,7011        Big Stone County
2,7013        Blue Earth County
2,7015        Brown County
2,7017        Carlton County
2,7019        Carver County
2,7021        Cass County
2,7023        Chippewa County
2,7025        Chisago County
2,7027        Clay County
2,7029        Clearwater County
2,7031        Cook County
2,7033        Cottonwood County
2,7035        Crow Wing County
2,7037        Dakota County
2,7039        Dodge County
2,7041        Douglas County
2,7043        Faribault County
2,7045        Fillmore County
2,7047        Freeborn County
2,7049        Goodhue County
2,7051        Grant County
2,7053        Hennepin County
2,7055        Houston County
2,7057        Hubbard County
2,7059        Isanti County
2,7061        Itasca County
2,7063        Jackson County
2,7065        Kanabec County
2,7067        Kandiyohi County
2,7069        Kittson County
2,7071        Koochiching County
2,7073        Lac qui Parle County
2,7075        Lake County
2,7077        Lake of the Woods County
2,7079        Le Sueur County
2,7081        Lincoln County
2,7083        Lyon County
2,7085        McLeod County
2,7087        Mahnomen County
2,7089        Marshall County
2,7091        Martin County
2,7093        Meeker County
2,7095        Mille Lacs County
2,7097        Morrison County
2,7099        Mower County
2,7101        Murray County
2,7103        Nicollet County
2,7105        Nobles County
2,7107        Norman County
2,7109        Olmsted County
2,7111        Otter Tail County
2,7113        Pennington County
2,7115        Pine County
2,7117        Pipestone County
2,7119        Polk County
2,7121        Pope County
2,7123        Ramsey County
2,7125        Red Lake County
2,7127        Redwood County
2,7129        Renville County
2,7131        Rice County
2,7133        Rock County
2,7135        Roseau County
2,7137        St. Louis County
2,7139        Scott County
2,7141        Sherburne County
2,7143        Sibley County
2,7145        Stearns County
2,7147        Steele County
2,7149        Stevens County
2,7151        Swift County
2,7153        Todd County
2,7155        Traverse County
2,7157        Wabasha County
2,7159        Wadena County
2,7161        Waseca County
2,7163        Washington County
2,7165        Watonwan County
2,7167        Wilkin County
2,7169        Winona County
2,7171        Wright County
2,7173        Yellow Medicine County
2,8000        Mississippi
2,8001        Adams County
2,8003        Alcorn County
2,8005        Amite County
2,8007        Attala County
2,8009        Benton County
2,8011        Bolivar County
2,8013        Calhoun County
2,8015        Carroll County
2,8017        Chickasaw County
2,8019        Choctaw County
2,8021        Claiborne County
2,8023        Clarke County
2,8025        Clay County
2,8027        Coahoma County
2,8029        Copiah County
2,8031        Covington County
2,8033        DeSoto County
2,8035        Forrest County
2,8037        Franklin County
2,8039        George County
2,8041        Greene County
2,8043        Grenada County
2,8045        Hancock County
2,8047        Harrison County
2,8049        Hinds County
2,8051        Holmes County
2,8053        Humphreys County
2,8055        Issaquena County
2,8057        Itawamba County
2,8059        Jackson County
2,8061        Jasper County
2,8063        Jefferson County
2,8065        Jefferson Davis County
2,8067        Jones County
2,8069        Kemper County
2,8071        Lafayette County
2,8073        Lamar County
2,8075        Lauderdale County
2,8077        Lawrence County
2,8079        Leake County
2,8081        Lee County
2,8083        Leflore County
2,8085        Lincoln County
2,8087        Lowndes County
2,8089        Madison County
2,8091        Marion County
2,8093        Marshall County
2,8095        Monroe County
2,8097        Montgomery County
2,8099        Neshoba County
2,8101        Newton County
2,8103        Noxubee County
2,8105        Oktibbeha County
2,8107        Panola County
2,8109        Pearl River County
2,8111        Perry County
2,8113        Pike County
2,8115        Pontotoc County
2,8117        Prentiss County
2,8119        Quitman County
2,8121        Rankin County
2,8123        Scott County
2,8125        Sharkey County
2,8127        Simpson County
2,8129        Smith County
2,8131        Stone County
2,8133        Sunflower County
2,8135        Tallahatchie County
2,8137        Tate County
2,8139        Tippah County
2,8141        Tishomingo County
2,8143        Tunica County
2,8145        Union County
2,8147        Walthall County
2,8149        Warren County
2,8151        Washington County
2,8153        Wayne County
2,8155        Webster County
2,8157        Wilkinson County
2,8159        Winston County
2,8161        Yalobusha County
2,8163        Yazoo County
2,9000        Missouri
2,9001        Adair County
2,9003        Andrew County
2,9005        Atchison County
2,9007        Audrain County
2,9009        Barry County
2,9011        Barton County
2,9013        Bates County
2,9015        Benton County
2,9017        Bollinger County
2,9019        Boone County
2,9021        Buchanan County
2,9023        Butler County
2,9025        Caldwell County
2,9027        Callaway County
2,9029        Camden County
2,9031        Cape Girardeau County
2,9033        Carroll County
2,9035        Carter County
2,9037        Cass County
2,9039        Cedar County
2,9041        Chariton County
2,9043        Christian County
2,9045        Clark County
2,9047        Clay County
2,9049        Clinton County
2,9051        Cole County
2,9053        Cooper County
2,9055        Crawford County
2,9057        Dade County
2,9059        Dallas County
2,9061        Daviess County
2,9063        DeKalb County
2,9065        Dent County
2,9067        Douglas County
2,9069        Dunklin County
2,9071        Franklin County
2,9073        Gasconade County
2,9075        Gentry County
2,9077        Greene County
2,9079        Grundy County
2,9081        Harrison County
2,9083        Henry County
2,9085        Hickory County
2,9087        Holt County
2,9089        Howard County
2,9091        Howell County
2,9093        Iron County
2,9095        Jackson County
2,9097        Jasper County
2,9099        Jefferson County
2,9101        Johnson County
2,9103        Knox County
2,9105        Laclede County
2,9107        Lafayette County
2,9109        Lawrence County
2,9111        Lewis County
2,9113        Lincoln County
2,9115        Linn County
2,9117        Livingston County
2,9119        McDonald County
2,9121        Macon County
2,9123        Madison County
2,9125        Maries County
2,9127        Marion County
2,9129        Mercer County
2,9131        Miller County
2,9133        Mississippi County
2,9135        Moniteau County
2,9137        Monroe County
2,9139        Montgomery County
2,9141        Morgan County
2,9143        New Madrid County
2,9145        Newton County
2,9147        Nodaway County
2,9149        Oregon County
2,9151        Osage County
2,9153        Ozark County
2,9155        Pemiscot County
2,9157        Perry County
2,9159        Pettis County
2,9161        Phelps County
2,9163        Pike County
2,9165        Platte County
2,9167        Polk County
2,9169        Pulaski County
2,9171        Putnam County
2,9173        Ralls County
2,9175        Randolph County
2,9177        Ray County
2,9179        Reynolds County
2,9181        Ripley County
2,9183        St. Charles County
2,9185        St. Clair County
2,9186        Ste. Genevieve County
2,9187        St. Francois County
2,9189        St. Louis County
2,9195        Saline County
2,9197        Schuyler County
2,9199        Scotland County
2,9201        Scott County
2,9203        Shannon County
2,9205        Shelby County
2,9207        Stoddard County
2,9209        Stone County
2,9211        Sullivan County
2,9213        Taney County
2,9215        Texas County
2,9217        Vernon County
2,9219        Warren County
2,9221        Washington County
2,9223        Wayne County
2,9225        Webster County
2,9227        Worth County
2,9229        Wright County
2,9510        St. Louis city
3,0000        Montana
3,0001        Beaverhead County
3,0003        Big Horn County
3,0005        Blaine County
3,0007        Broadwater County
3,0009        Carbon County
3,0011        Carter County
3,0013        Cascade County
3,0015        Chouteau County
3,0017        Custer County
3,0019        Daniels County
3,0021        Dawson County
3,0023        Deer Lodge County
3,0025        Fallon County
3,0027        Fergus County
3,0029        Flathead County
3,0031        Gallatin County
3,0033        Garfield County
3,0035        Glacier County
3,0037        Golden Valley County
3,0039        Granite County
3,0041        Hill County
3,0043        Jefferson County
3,0045        Judith Basin County
3,0047        Lake County
3,0049        Lewis and Clark County
3,0051        Liberty County
3,0053        Lincoln County
3,0055        McCone County
3,0057        Madison County
3,0059        Meagher County
3,0061        Mineral County
3,0063        Missoula County
3,0065        Musselshell County
3,0067        Park County
3,0069        Petroleum County
3,0071        Phillips County
3,0073        Pondera County
3,0075        Powder River County
3,0077        Powell County
3,0079        Prairie County
3,0081        Ravalli County
3,0083        Richland County
3,0085        Roosevelt County
3,0087        Rosebud County
3,0089        Sanders County
3,0091        Sheridan County
3,0093        Silver Bow County
3,0095        Stillwater County
3,0097        Sweet Grass County
3,0099        Teton County
3,0101        Toole County
3,0103        Treasure County
3,0105        Valley County
3,0107        Wheatland County
3,0109        Wibaux County
3,0111        Yellowstone County
3,0113        Yellowstone National Park
3,1000        Nebraska
3,1001        Adams County
3,1003        Antelope County
3,1005        Arthur County
3,1007        Banner County
3,1009        Blaine County
3,1011        Boone County
3,1013        Box Butte County
3,1015        Boyd County
3,1017        Brown County
3,1019        Buffalo County
3,1021        Burt County
3,1023        Butler County
3,1025        Cass County
3,1027        Cedar County
3,1029        Chase County
3,1031        Cherry County
3,1033        Cheyenne County
3,1035        Clay County
3,1037        Colfax County
3,1039        Cuming County
3,1041        Custer County
3,1043        Dakota County
3,1045        Dawes County
3,1047        Dawson County
3,1049        Deuel County
3,1051        Dixon County
3,1053        Dodge County
3,1055        Douglas County
3,1057        Dundy County
3,1059        Fillmore County
3,1061        Franklin County
3,1063        Frontier County
3,1065        Furnas County
3,1067        Gage County
3,1069        Garden County
3,1071        Garfield County
3,1073        Gosper County
3,1075        Grant County
3,1077        Greeley County
3,1079        Hall County
3,1081        Hamilton County
3,1083        Harlan County
3,1085        Hayes County
3,1087        Hitchcock County
3,1089        Holt County
3,1091        Hooker County
3,1093        Howard County
3,1095        Jefferson County
3,1097        Johnson County
3,1099        Kearney County
3,1101        Keith County
3,1103        Keya Paha County
3,1105        Kimball County
3,1107        Knox County
3,1109        Lancaster County
3,1111        Lincoln County
3,1113        Logan County
3,1115        Loup County
3,1117        McPherson County
3,1119        Madison County
3,1121        Merrick County
3,1123        Morrill County
3,1125        Nance County
3,1127        Nemaha County
3,1129        Nuckolls County
3,1131        Otoe County
3,1133        Pawnee County
3,1135        Perkins County
3,1137        Phelps County
3,1139        Pierce County
3,1141        Platte County
3,1143        Polk County
3,1145        Red Willow County
3,1147        Richardson County
3,1149        Rock County
3,1151        Saline County
3,1153        Sarpy County
3,1155        Saunders County
3,1157        Scotts Bluff County
3,1159        Seward County
3,1161        Sheridan County
3,1163        Sherman County
3,1165        Sioux County
3,1167        Stanton County
3,1169        Thayer County
3,1171        Thomas County
3,1173        Thurston County
3,1175        Valley County
3,1177        Washington County
3,1179        Wayne County
3,1181        Webster County
3,1183        Wheeler County
3,1185        York County
3,2000        Nevada
3,2001        Churchill County
3,2003        Clark County
3,2005        Douglas County
3,2007        Elko County
3,2009        Esmeralda County
3,2011        Eureka County
3,2013        Humboldt County
3,2015        Lander County
3,2017        Lincoln County
3,2019        Lyon County
3,2021        Mineral County
3,2023        Nye County
3,2027        Pershing County
3,2029        Storey County
3,2031        Washoe County
3,2033        White Pine County
3,2510        Carson City
3,3000        New Hampshire
3,3001        Belknap County
3,3003        Carroll County
3,3005        Cheshire County
3,3007        Coos County
3,3009        Grafton County
3,3011        Hillsborough County
3,3013        Merrimack County
3,3015        Rockingham County
3,3017        Strafford County
3,3019        Sullivan County
3,4000        New Jersey
3,4001        Atlantic County
3,4003        Bergen County
3,4005        Burlington County
3,4007        Camden County
3,4009        Cape May County
3,4011        Cumberland County
3,4013        Essex County
3,4015        Gloucester County
3,4017        Hudson County
3,4019        Hunterdon County
3,4021        Mercer County
3,4023        Middlesex County
3,4025        Monmouth County
3,4027        Morris County
3,4029        Ocean County
3,4031        Passaic County
3,4033        Salem County
3,4035        Somerset County
3,4037        Sussex County
3,4039        Union County
3,4041        Warren County
3,5000        New Mexico
3,5001        Bernalillo County
3,5003        Catron County
3,5005        Chaves County
3,5006        Cibola County
3,5007        Colfax County
3,5009        Curry County
3,5011        DeBaca County
3,5013        Dona Ana County
3,5015        Eddy County
3,5017        Grant County
3,5019        Guadalupe County
3,5021        Harding County
3,5023        Hidalgo County
3,5025        Lea County
3,5027        Lincoln County
3,5028        Los Alamos County
3,5029        Luna County
3,5031        McKinley County
3,5033        Mora County
3,5035        Otero County
3,5037        Quay County
3,5039        Rio Arriba County
3,5041        Roosevelt County
3,5043        Sandoval County
3,5045        San Juan County
3,5047        San Miguel County
3,5049        Santa Fe County
3,5051        Sierra County
3,5053        Socorro County
3,5055        Taos County
3,5057        Torrance County
3,5059        Union County
3,5061        Valencia County
3,6000        New York
3,6001        Albany County
3,6003        Allegany County
3,6005        Bronx County
3,6007        Broome County
3,6009        Cattaraugus County
3,6011        Cayuga County
3,6013        Chautauqua County
3,6015        Chemung County
3,6017        Chenango County
3,6019        Clinton County
3,6021        Columbia County
3,6023        Cortland County
3,6025        Delaware County
3,6027        Dutchess County
3,6029        Erie County
3,6031        Essex County
3,6033        Franklin County
3,6035        Fulton County
3,6037        Genesee County
3,6039        Greene County
3,6041        Hamilton County
3,6043        Herkimer County
3,6045        Jefferson County
3,6047        Kings County
3,6049        Lewis County
3,6051        Livingston County
3,6053        Madison County
3,6055        Monroe County
3,6057        Montgomery County
3,6059        Nassau County
3,6061        New York County
3,6063        Niagara County
3,6065        Oneida County
3,6067        Onondaga County
3,6069        Ontario County
3,6071        Orange County
3,6073        Orleans County
3,6075        Oswego County
3,6077        Otsego County
3,6079        Putnam County
3,6081        Queens County
3,6083        Rensselaer County
3,6085        Richmond County
3,6087        Rockland County
3,6089        St. Lawrence County
3,6091        Saratoga County
3,6093        Schenectady County
3,6095        Schoharie County
3,6097        Schuyler County
3,6099        Seneca County
3,6101        Steuben County
3,6103        Suffolk County
3,6105        Sullivan County
3,6107        Tioga County
3,6109        Tompkins County
3,6111        Ulster County
3,6113        Warren County
3,6115        Washington County
3,6117        Wayne County
3,6119        Westchester County
3,6121        Wyoming County
3,6123        Yates County
3,7000        North Carolina
3,7001        Alamance County
3,7003        Alexander County
3,7005        Alleghany County
3,7007        Anson County
3,7009        Ashe County
3,7011        Avery County
3,7013        Beaufort County
3,7015        Bertie County
3,7017        Bladen County
3,7019        Brunswick County
3,7021        Buncombe County
3,7023        Burke County
3,7025        Cabarrus County
3,7027        Caldwell County
3,7029        Camden County
3,7031        Carteret County
3,7033        Caswell County
3,7035        Catawba County
3,7037        Chatham County
3,7039        Cherokee County
3,7041        Chowan County
3,7043        Clay County
3,7045        Cleveland County
3,7047        Columbus County
3,7049        Craven County
3,7051        Cumberland County
3,7053        Currituck County
3,7055        Dare County
3,7057        Davidson County
3,7059        Davie County
3,7061        Duplin County
3,7063        Durham County
3,7065        Edgecombe County
3,7067        Forsyth County
3,7069        Franklin County
3,7071        Gaston County
3,7073        Gates County
3,7075        Graham County
3,7077        Granville County
3,7079        Greene County
3,7081        Guilford County
3,7083        Halifax County
3,7085        Harnett County
3,7087        Haywood County
3,7089        Henderson County
3,7091        Hertford County
3,7093        Hoke County
3,7095        Hyde County
3,7097        Iredell County
3,7099        Jackson County
3,7101        Johnston County
3,7103        Jones County
3,7105        Lee County
3,7107        Lenoir County
3,7109        Lincoln County
3,7111        McDowell County
3,7113        Macon County
3,7115        Madison County
3,7117        Martin County
3,7119        Mecklenburg County
3,7121        Mitchell County
3,7123        Montgomery County
3,7125        Moore County
3,7127        Nash County
3,7129        New Hanover County
3,7131        Northampton County
3,7133        Onslow County
3,7135        Orange County
3,7137        Pamlico County
3,7139        Pasquotank County
3,7141        Pender County
3,7143        Perquimans County
3,7145        Person County
3,7147        Pitt County
3,7149        Polk County
3,7151        Randolph County
3,7153        Richmond County
3,7155        Robeson County
3,7157        Rockingham County
3,7159        Rowan County
3,7161        Rutherford County
3,7163        Sampson County
3,7165        Scotland County
3,7167        Stanly County
3,7169        Stokes County
3,7171        Surry County
3,7173        Swain County
3,7175        Transylvania County
3,7177        Tyrrell County
3,7179        Union County
3,7181        Vance County
3,7183        Wake County
3,7185        Warren County
3,7187        Washington County
3,7189        Watauga County
3,7191        Wayne County
3,7193        Wilkes County
3,7195        Wilson County
3,7197        Yadkin County
3,7199        Yancey County
3,8000        North Dakota
3,8001        Adams County
3,8003        Barnes County
3,8005        Benson County
3,8007        Billings County
3,8009        Bottineau County
3,8011        Bowman County
3,8013        Burke County
3,8015        Burleigh County
3,8017        Cass County
3,8019        Cavalier County
3,8021        Dickey County
3,8023        Divide County
3,8025        Dunn County
3,8027        Eddy County
3,8029        Emmons County
3,8031        Foster County
3,8033        Golden Valley County
3,8035        Grand Forks County
3,8037        Grant County
3,8039        Griggs County
3,8041        Hettinger County
3,8043        Kidder County
3,8045        LaMoure County
3,8047        Logan County
3,8049        McHenry County
3,8051        McIntosh County
3,8053        McKenzie County
3,8055        McLean County
3,8057        Mercer County
3,8059        Morton County
3,8061        Mountrail County
3,8063        Nelson County
3,8065        Oliver County
3,8067        Pembina County
3,8069        Pierce County
3,8071        Ramsey County
3,8073        Ransom County
3,8075        Renville County
3,8077        Richland County
3,8079        Rolette County
3,8081        Sargent County
3,8083        Sheridan County
3,8085        Sioux County
3,8087        Slope County
3,8089        Stark County
3,8091        Steele County
3,8093        Stutsman County
3,8095        Towner County
3,8097        Traill County
3,8099        Walsh County
3,8101        Ward County
3,8103        Wells County
3,8105        Williams County
3,9000        Ohio
3,9001        Adams County
3,9003        Allen County
3,9005        Ashland County
3,9007        Ashtabula County
3,9009        Athens County
3,9011        Auglaize County
3,9013        Belmont County
3,9015        Brown County
3,9017        Butler County
3,9019        Carroll County
3,9021        Champaign County
3,9023        Clark County
3,9025        Clermont County
3,9027        Clinton County
3,9029        Columbiana County
3,9031        Coshocton County
3,9033        Crawford County
3,9035        Cuyahoga County
3,9037        Darke County
3,9039        Defiance County
3,9041        Delaware County
3,9043        Erie County
3,9045        Fairfield County
3,9047        Fayette County
3,9049        Franklin County
3,9051        Fulton County
3,9053        Gallia County
3,9055        Geauga County
3,9057        Greene County
3,9059        Guernsey County
3,9061        Hamilton County
3,9063        Hancock County
3,9065        Hardin County
3,9067        Harrison County
3,9069        Henry County
3,9071        Highland County
3,9073        Hocking County
3,9075        Holmes County
3,9077        Huron County
3,9079        Jackson County
3,9081        Jefferson County
3,9083        Knox County
3,9085        Lake County
3,9087        Lawrence County
3,9089        Licking County
3,9091        Logan County
3,9093        Lorain County
3,9095        Lucas County
3,9097        Madison County
3,9099        Mahoning County
3,9101        Marion County
3,9103        Medina County
3,9105        Meigs County
3,9107        Mercer County
3,9109        Miami County
3,9111        Monroe County
3,9113        Montgomery County
3,9115        Morgan County
3,9117        Morrow County
3,9119        Muskingum County
3,9121        Noble County
3,9123        Ottawa County
3,9125        Paulding County
3,9127        Perry County
3,9129        Pickaway County
3,9131        Pike County
3,9133        Portage County
3,9135        Preble County
3,9137        Putnam County
3,9139        Richland County
3,9141        Ross County
3,9143        Sandusky County
3,9145        Scioto County
3,9147        Seneca County
3,9149        Shelby County
3,9151        Stark County
3,9153        Summit County
3,9155        Trumbull County
3,9157        Tuscarawas County
3,9159        Union County
3,9161        Van Wert County
3,9163        Vinton County
3,9165        Warren County
3,9167        Washington County
3,9169        Wayne County
3,9171        Williams County
3,9173        Wood County
3,9175        Wyandot County
4,0000        Oklahoma
4,0001        Adair County
4,0003        Alfalfa County
4,0005        Atoka County
4,0007        Beaver County
4,0009        Beckham County
4,0011        Blaine County
4,0013        Bryan County
4,0015        Caddo County
4,0017        Canadian County
4,0019        Carter County
4,0021        Cherokee County
4,0023        Choctaw County
4,0025        Cimarron County
4,0027        Cleveland County
4,0029        Coal County
4,0031        Comanche County
4,0033        Cotton County
4,0035        Craig County
4,0037        Creek County
4,0039        Custer County
4,0041        Delaware County
4,0043        Dewey County
4,0045        Ellis County
4,0047        Garfield County
4,0049        Garvin County
4,0051        Grady County
4,0053        Grant County
4,0055        Greer County
4,0057        Harmon County
4,0059        Harper County
4,0061        Haskell County
4,0063        Hughes County
4,0065        Jackson County
4,0067        Jefferson County
4,0069        Johnston County
4,0071        Kay County
4,0073        Kingfisher County
4,0075        Kiowa County
4,0077        Latimer County
4,0079        Le Flore County
4,0081        Lincoln County
4,0083        Logan County
4,0085        Love County
4,0087        McClain County
4,0089        McCurtain County
4,0091        McIntosh County
4,0093        Major County
4,0095        Marshall County
4,0097        Mayes County
4,0099        Murray County
4,0101        Muskogee County
4,0103        Noble County
4,0105        Nowata County
4,0107        Okfuskee County
4,0109        Oklahoma County
4,0111        Okmulgee County
4,0113        Osage County
4,0115        Ottawa County
4,0117        Pawnee County
4,0119        Payne County
4,0121        Pittsburg County
4,0123        Pontotoc County
4,0125        Pottawatomie County
4,0127        Pushmataha County
4,0129        Roger Mills County
4,0131        Rogers County
4,0133        Seminole County
4,0135        Sequoyah County
4,0137        Stephens County
4,0139        Texas County
4,0141        Tillman County
4,0143        Tulsa County
4,0145        Wagoner County
4,0147        Washington County
4,0149        Washita County
4,0151        Woods County
4,0153        Woodward County
4,1000        Oregon
4,1001        Baker County
4,1003        Benton County
4,1005        Clackamas County
4,1007        Clatsop County
4,1009        Columbia County
4,1011        Coos County
4,1013        Crook County
4,1015        Curry County
4,1017        Deschutes County
4,1019        Douglas County
4,1021        Gilliam County
4,1023        Grant County
4,1025        Harney County
4,1027        Hood River County
4,1029        Jackson County
4,1031        Jefferson County
4,1033        Josephine County
4,1035        Klamath County
4,1037        Lake County
4,1039        Lane County
4,1041        Lincoln County
4,1043        Linn County
4,1045        Malheur County
4,1047        Marion County
4,1049        Morrow County
4,1051        Multnomah County
4,1053        Polk County
4,1055        Sherman County
4,1057        Tillamook County
4,1059        Umatilla County
4,1061        Union County
4,1063        Wallowa County
4,1065        Wasco County
4,1067        Washington County
4,1069        Wheeler County
4,1071        Yamhill County
4,2000        Pennsylvania
4,2001        Adams County
4,2003        Allegheny County
4,2005        Armstrong County
4,2007        Beaver County
4,2009        Bedford County
4,2011        Berks County
4,2013        Blair County
4,2015        Bradford County
4,2017        Bucks County
4,2019        Butler County
4,2021        Cambria County
4,2023        Cameron County
4,2025        Carbon County
4,2027        Centre County
4,2029        Chester County
4,2031        Clarion County
4,2033        Clearfield County
4,2035        Clinton County
4,2037        Columbia County
4,2039        Crawford County
4,2041        Cumberland County
4,2043        Dauphin County
4,2045        Delaware County
4,2047        Elk County
4,2049        Erie County
4,2051        Fayette County
4,2053        Forest County
4,2055        Franklin County
4,2057        Fulton County
4,2059        Greene County
4,2061        Huntingdon County
4,2063        Indiana County
4,2065        Jefferson County
4,2067        Juniata County
4,2069        Lackawanna County
4,2071        Lancaster County
4,2073        Lawrence County
4,2075        Lebanon County
4,2077        Lehigh County
4,2079        Luzerne County
4,2081        Lycoming County
4,2083        Mc Kean County
4,2085        Mercer County
4,2087        Mifflin County
4,2089        Monroe County
4,2091        Montgomery County
4,2093        Montour County
4,2095        Northampton County
4,2097        Northumberland County
4,2099        Perry County
4,2101        Philadelphia County
4,2103        Pike County
4,2105        Potter County
4,2107        Schuylkill County
4,2109        Snyder County
4,2111        Somerset County
4,2113        Sullivan County
4,2115        Susquehanna County
4,2117        Tioga County
4,2119        Union County
4,2121        Venango County
4,2123        Warren County
4,2125        Washington County
4,2127        Wayne County
4,2129        Westmoreland County
4,2131        Wyoming County
4,2133        York County
4,4000        Rhode Island
4,4001        Bristol County
4,4003        Kent County
4,4005        Newport County
4,4007        Providence County
4,4009        Washington County
4,5000        South Carolina
4,5001        Abbeville County
4,5003        Aiken County
4,5005        Allendale County
4,5007        Anderson County
4,5009        Bamberg County
4,5011        Barnwell County
4,5013        Beaufort County
4,5015        Berkeley County
4,5017        Calhoun County
4,5019        Charleston County
4,5021        Cherokee County
4,5023        Chester County
4,5025        Chesterfield County
4,5027        Clarendon County
4,5029        Colleton County
4,5031        Darlington County
4,5033        Dillon County
4,5035        Dorchester County
4,5037        Edgefield County
4,5039        Fairfield County
4,5041        Florence County
4,5043        Georgetown County
4,5045        Greenville County
4,5047        Greenwood County
4,5049        Hampton County
4,5051        Horry County
4,5053        Jasper County
4,5055        Kershaw County
4,5057        Lancaster County
4,5059        Laurens County
4,5061        Lee County
4,5063        Lexington County
4,5065        McCormick County
4,5067        Marion County
4,5069        Marlboro County
4,5071        Newberry County
4,5073        Oconee County
4,5075        Orangeburg County
4,5077        Pickens County
4,5079        Richland County
4,5081        Saluda County
4,5083        Spartanburg County
4,5085        Sumter County
4,5087        Union County
4,5089        Williamsburg County
4,5091        York County
4,6000        South Dakota
4,6003        Aurora County
4,6005        Beadle County
4,6007        Bennett County
4,6009        Bon Homme County
4,6011        Brookings County
4,6013        Brown County
4,6015        Brule County
4,6017        Buffalo County
4,6019        Butte County
4,6021        Campbell County
4,6023        Charles Mix County
4,6025        Clark County
4,6027        Clay County
4,6029        Codington County
4,6031        Corson County
4,6033        Custer County
4,6035        Davison County
4,6037        Day County
4,6039        Deuel County
4,6041        Dewey County
4,6043        Douglas County
4,6045        Edmunds County
4,6047        Fall River County
4,6049        Faulk County
4,6051        Grant County
4,6053        Gregory County
4,6055        Haakon County
4,6057        Hamlin County
4,6059        Hand County
4,6061        Hanson County
4,6063        Harding County
4,6065        Hughes County
4,6067        Hutchinson County
4,6069        Hyde County
4,6071        Jackson County
4,6073        Jerauld County
4,6075        Jones County
4,6077        Kingsbury County
4,6079        Lake County
4,6081        Lawrence County
4,6083        Lincoln County
4,6085        Lyman County
4,6087        McCook County
4,6089        McPherson County
4,6091        Marshall County
4,6093        Meade County
4,6095        Mellette County
4,6097        Miner County
4,6099        Minnehaha County
4,6101        Moody County
4,6103        Pennington County
4,6105        Perkins County
4,6107        Potter County
4,6109        Roberts County
4,6111        Sanborn County
4,6113        Shannon County
4,6115        Spink County
4,6117        Stanley County
4,6119        Sully County
4,6121        Todd County
4,6123        Tripp County
4,6125        Turner County
4,6127        Union County
4,6129        Walworth County
4,6135        Yankton County
4,6137        Ziebach County
4,7000        Tennessee
4,7001        Anderson County
4,7003        Bedford County
4,7005        Benton County
4,7007        Bledsoe County
4,7009        Blount County
4,7011        Bradley County
4,7013        Campbell County
4,7015        Cannon County
4,7017        Carroll County
4,7019        Carter County
4,7021        Cheatham County
4,7023        Chester County
4,7025        Claiborne County
4,7027        Clay County
4,7029        Cocke County
4,7031        Coffee County
4,7033        Crockett County
4,7035        Cumberland County
4,7037        Davidson County
4,7039        Decatur County
4,7041        DeKalb County
4,7043        Dickson County
4,7045        Dyer County
4,7047        Fayette County
4,7049        Fentress County
4,7051        Franklin County
4,7053        Gibson County
4,7055        Giles County
4,7057        Grainger County
4,7059        Greene County
4,7061        Grundy County
4,7063        Hamblen County
4,7065        Hamilton County
4,7067        Hancock County
4,7069        Hardeman County
4,7071        Hardin County
4,7073        Hawkins County
4,7075        Haywood County
4,7077        Henderson County
4,7079        Henry County
4,7081        Hickman County
4,7083        Houston County
4,7085        Humphreys County
4,7087        Jackson County
4,7089        Jefferson County
4,7091        Johnson County
4,7093        Knox County
4,7095        Lake County
4,7097        Lauderdale County
4,7099        Lawrence County
4,7101        Lewis County
4,7103        Lincoln County
4,7105        Loudon County
4,7107        McMinn County
4,7109        McNairy County
4,7111        Macon County
4,7113        Madison County
4,7115        Marion County
4,7117        Marshall County
4,7119        Maury County
4,7121        Meigs County
4,7123        Monroe County
4,7125        Montgomery County
4,7127        Moore County
4,7129        Morgan County
4,7131        Obion County
4,7133        Overton County
4,7135        Perry County
4,7137        Pickett County
4,7139        Polk County
4,7141        Putnam County
4,7143        Rhea County
4,7145        Roane County
4,7147        Robertson County
4,7149        Rutherford County
4,7151        Scott County
4,7153        Sequatchie County
4,7155        Sevier County
4,7157        Shelby County
4,7159        Smith County
4,7161        Stewart County
4,7163        Sullivan County
4,7165        Sumner County
4,7167        Tipton County
4,7169        Trousdale County
4,7171        Unicoi County
4,7173        Union County
4,7175        Van Buren County
4,7177        Warren County
4,7179        Washington County
4,7181        Wayne County
4,7183        Weakley County
4,7185        White County
4,7187        Williamson County
4,7189        Wilson County
4,8000        Texas
4,8001        Anderson County
4,8003        Andrews County
4,8005        Angelina County
4,8007        Aransas County
4,8009        Archer County
4,8011        Armstrong County
4,8013        Atascosa County
4,8015        Austin County
4,8017        Bailey County
4,8019        Bandera County
4,8021        Bastrop County
4,8023        Baylor County
4,8025        Bee County
4,8027        Bell County
4,8029        Bexar County
4,8031        Blanco County
4,8033        Borden County
4,8035        Bosque County
4,8037        Bowie County
4,8039        Brazoria County
4,8041        Brazos County
4,8043        Brewster County
4,8045        Briscoe County
4,8047        Brooks County
4,8049        Brown County
4,8051        Burleson County
4,8053        Burnet County
4,8055        Caldwell County
4,8057        Calhoun County
4,8059        Callahan County
4,8061        Cameron County
4,8063        Camp County
4,8065        Carson County
4,8067        Cass County
4,8069        Castro County
4,8071        Chambers County
4,8073        Cherokee County
4,8075        Childress County
4,8077        Clay County
4,8079        Cochran County
4,8081        Coke County
4,8083        Coleman County
4,8085        Collin County
4,8087        Collingsworth County
4,8089        Colorado County
4,8091        Comal County
4,8093        Comanche County
4,8095        Concho County
4,8097        Cooke County
4,8099        Coryell County
4,8101        Cottle County
4,8103        Crane County
4,8105        Crockett County
4,8107        Crosby County
4,8109        Culberson County
4,8111        Dallam County
4,8113        Dallas County
4,8115        Dawson County
4,8117        Deaf Smith County
4,8119        Delta County
4,8121        Denton County
4,8123        DeWitt County
4,8125        Dickens County
4,8127        Dimmit County
4,8129        Donley County
4,8131        Duval County
4,8133        Eastland County
4,8135        Ector County
4,8137        Edwards County
4,8139        Ellis County
4,8141        El Paso County
4,8143        Erath County
4,8145        Falls County
4,8147        Fannin County
4,8149        Fayette County
4,8151        Fisher County
4,8153        Floyd County
4,8155        Foard County
4,8157        Fort Bend County
4,8159        Franklin County
4,8161        Freestone County
4,8163        Frio County
4,8165        Gaines County
4,8167        Galveston County
4,8169        Garza County
4,8171        Gillespie County
4,8173        Glasscock County
4,8175        Goliad County
4,8177        Gonzales County
4,8179        Gray County
4,8181        Grayson County
4,8183        Gregg County
4,8185        Grimes County
4,8187        Guadalupe County
4,8189        Hale County
4,8191        Hall County
4,8193        Hamilton County
4,8195        Hansford County
4,8197        Hardeman County
4,8199        Hardin County
4,8201        Harris County
4,8203        Harrison County
4,8205        Hartley County
4,8207        Haskell County
4,8209        Hays County
4,8211        Hemphill County
4,8213        Henderson County
4,8215        Hidalgo County
4,8217        Hill County
4,8219        Hockley County
4,8221        Hood County
4,8223        Hopkins County
4,8225        Houston County
4,8227        Howard County
4,8229        Hudspeth County
4,8231        Hunt County
4,8233        Hutchinson County
4,8235        Irion County
4,8237        Jack County
4,8239        Jackson County
4,8241        Jasper County
4,8243        Jeff Davis County
4,8245        Jefferson County
4,8247        Jim Hogg County
4,8249        Jim Wells County
4,8251        Johnson County
4,8253        Jones County
4,8255        Karnes County
4,8257        Kaufman County
4,8259        Kendall County
4,8261        Kenedy County
4,8263        Kent County
4,8265        Kerr County
4,8267        Kimble County
4,8269        King County
4,8271        Kinney County
4,8273        Kleberg County
4,8275        Knox County
4,8277        Lamar County
4,8279        Lamb County
4,8281        Lampasas County
4,8283        La Salle County
4,8285        Lavaca County
4,8287        Lee County
4,8289        Leon County
4,8291        Liberty County
4,8293        Limestone County
4,8295        Lipscomb County
4,8297        Live Oak County
4,8299        Llano County
4,8301        Loving County
4,8303        Lubbock County
4,8305        Lynn County
4,8307        McCulloch County
4,8309        McLennan County
4,8311        McMullen County
4,8313        Madison County
4,8315        Marion County
4,8317        Martin County
4,8319        Mason County
4,8321        Matagorda County
4,8323        Maverick County
4,8325        Medina County
4,8327        Menard County
4,8329        Midland County
4,8331        Milam County
4,8333        Mills County
4,8335        Mitchell County
4,8337        Montague County
4,8339        Montgomery County
4,8341        Moore County
4,8343        Morris County
4,8345        Motley County
4,8347        Nacogdoches County
4,8349        Navarro County
4,8351        Newton County
4,8353        Nolan County
4,8355        Nueces County
4,8357        Ochiltree County
4,8359        Oldham County
4,8361        Orange County
4,8363        Palo Pinto County
4,8365        Panola County
4,8367        Parker County
4,8369        Parmer County
4,8371        Pecos County
4,8373        Polk County
4,8375        Potter County
4,8377        Presidio County
4,8379        Rains County
4,8381        Randall County
4,8383        Reagan County
4,8385        Real County
4,8387        Red River County
4,8389        Reeves County
4,8391        Refugio County
4,8393        Roberts County
4,8395        Robertson County
4,8397        Rockwall County
4,8399        Runnels County
4,8401        Rusk County
4,8403        Sabine County
4,8405        San Augustine County
4,8407        San Jacinto County
4,8409        San Patricio County
4,8411        San Saba County
4,8413        Schleicher County
4,8415        Scurry County
4,8417        Shackelford County
4,8419        Shelby County
4,8421        Sherman County
4,8423        Smith County
4,8425        Somervell County
4,8427        Starr County
4,8429        Stephens County
4,8431        Sterling County
4,8433        Stonewall County
4,8435        Sutton County
4,8437        Swisher County
4,8439        Tarrant County
4,8441        Taylor County
4,8443        Terrell County
4,8445        Terry County
4,8447        Throckmorton County
4,8449        Titus County
4,8451        Tom Green County
4,8453        Travis County
4,8455        Trinity County
4,8457        Tyler County
4,8459        Upshur County
4,8461        Upton County
4,8463        Uvalde County
4,8465        Val Verde County
4,8467        Van Zandt County
4,8469        Victoria County
4,8471        Walker County
4,8473        Waller County
4,8475        Ward County
4,8477        Washington County
4,8479        Webb County
4,8481        Wharton County
4,8483        Wheeler County
4,8485        Wichita County
4,8487        Wilbarger County
4,8489        Willacy County
4,8491        Williamson County
4,8493        Wilson County
4,8495        Winkler County
4,8497        Wise County
4,8499        Wood County
4,8501        Yoakum County
4,8503        Young County
4,8505        Zapata County
4,8507        Zavala County
4,9000        Utah
4,9001        Beaver County
4,9003        Box Elder County
4,9005        Cache County
4,9007        Carbon County
4,9009        Daggett County
4,9011        Davis County
4,9013        Duchesne County
4,9015        Emery County
4,9017        Garfield County
4,9019        Grand County
4,9021        Iron County
4,9023        Juab County
4,9025        Kane County
4,9027        Millard County
4,9029        Morgan County
4,9031        Piute County
4,9033        Rich County
4,9035        Salt Lake County
4,9037        San Juan County
4,9039        Sanpete County
4,9041        Sevier County
4,9043        Summit County
4,9045        Tooele County
4,9047        Uintah County
4,9049        Utah County
4,9051        Wasatch County
4,9053        Washington County
4,9055        Wayne County
4,9057        Weber County
5,0000        Vermont
5,0001        Addison County
5,0003        Bennington County
5,0005        Caledonia County
5,0007        Chittenden County
5,0009        Essex County
5,0011        Franklin County
5,0013        Grand Isle County
5,0015        Lamoille County
5,0017        Orange County
5,0019        Orleans County
5,0021        Rutland County
5,0023        Washington County
5,0025        Windham County
5,0027        Windsor County
5,1000        Virginia
5,1001        Accomack County
5,1003        Albemarle County
5,1005        Alleghany County
5,1007        Amelia County
5,1009        Amherst County
5,1011        Appomattox County
5,1013        Arlington County
5,1015        Augusta County
5,1017        Bath County
5,1019        Bedford County
5,1021        Bland County
5,1023        Botetourt County
5,1025        Brunswick County
5,1027        Buchanan County
5,1029        Buckingham County
5,1031        Campbell County
5,1033        Caroline County
5,1035        Carroll County
5,1036        Charles City County
5,1037        Charlotte County
5,1041        Chesterfield County
5,1043        Clarke County
5,1045        Craig County
5,1047        Culpeper County
5,1049        Cumberland County
5,1051        Dickenson County
5,1053        Dinwiddie County
5,1057        Essex County
5,1059        Fairfax County
5,1061        Fauquier County
5,1063        Floyd County
5,1065        Fluvanna County
5,1067        Franklin County
5,1069        Frederick County
5,1071        Giles County
5,1073        Gloucester County
5,1075        Goochland County
5,1077        Grayson County
5,1079        Greene County
5,1081        Greensville County
5,1083        Halifax County
5,1085        Hanover County
5,1087        Henrico County
5,1089        Henry County
5,1091        Highland County
5,1093        Isle of Wight County
5,1095        James City County
5,1097        King and Queen County
5,1099        King George County
5,1101        King William County
5,1103        Lancaster County
5,1105        Lee County
5,1107        Loudoun County
5,1109        Louisa County
5,1111        Lunenburg County
5,1113        Madison County
5,1115        Mathews County
5,1117        Mecklenburg County
5,1119        Middlesex County
5,1121        Montgomery County
5,1125        Nelson County
5,1127        New Kent County
5,1131        Northampton County
5,1133        Northumberland County
5,1135        Nottoway County
5,1137        Orange County
5,1139        Page County
5,1141        Patrick County
5,1143        Pittsylvania County
5,1145        Powhatan County
5,1147        Prince Edward County
5,1149        Prince George County
5,1153        Prince William County
5,1155        Pulaski County
5,1157        Rappahannock County
5,1159        Richmond County
5,1161        Roanoke County
5,1163        Rockbridge County
5,1165        Rockingham County
5,1167        Russell County
5,1169        Scott County
5,1171        Shenandoah County
5,1173        Smyth County
5,1175        Southampton County
5,1177        Spotsylvania County
5,1179        Stafford County
5,1181        Surry County
5,1183        Sussex County
5,1185        Tazewell County
5,1187        Warren County
5,1191        Washington County
5,1193        Westmoreland County
5,1195        Wise County
5,1197        Wythe County
5,1199        York County
5,1510        Alexandria city
5,1515        Bedford city
5,1520        Bristol city
5,1530        Buena Vista city
5,1540        Charlottesville city
5,1550        Chesapeake city
5,1560        Clifton Forge city
5,1570        Colonial Heights city
5,1580        Covington city
5,1590        Danville city
5,1595        Emporia city
5,1600        Fairfax city
5,1610        Falls Church city
5,1620        Franklin city
5,1630        Fredericksburg city
5,1640        Galax city
5,1650        Hampton city
5,1660        Harrisonburg city
5,1670        Hopewell city
5,1678        Lexington city
5,1680        Lynchburg city
5,1683        Manassas city
5,1685        Manassas Park city
5,1690        Martinsville city
5,1700        Newport News city
5,1710        Norfolk city
5,1720        Norton city
5,1730        Petersburg city
5,1735        Poquoson city
5,1740        Portsmouth city
5,1750        Radford city
5,1760        Richmond city
5,1770        Roanoke city
5,1775        Salem city
5,"1780        South Boston city                (After 1990, part of Halifax County)"
5,1790        Staunton city
5,1800        Suffolk city
5,1810        Virginia Beach city
5,1820        Waynesboro city
5,1830        Williamsburg city
5,1840        Winchester city
5,3000        Washington
5,3001        Adams County
5,3003        Asotin County
5,3005        Benton County
5,3007        Chelan County
5,3009        Clallam County
5,3011        Clark County
5,3013        Columbia County
5,3015        Cowlitz County
5,3017        Douglas County
5,3019        Ferry County
5,3021        Franklin County
5,3023        Garfield County
5,3025        Grant County
5,3027        Grays Harbor County
5,3029        Island County
5,3031        Jefferson County
5,3033        King County
5,3035        Kitsap County
5,3037        Kittitas County
5,3039        Klickitat County
5,3041        Lewis County
5,3043        Lincoln County
5,3045        Mason County
5,3047        Okanogan County
5,3049        Pacific County
5,3051        Pend Oreille County
5,3053        Pierce County
5,3055        San Juan County
5,3057        Skagit County
5,3059        Skamania County
5,3061        Snohomish County
5,3063        Spokane County
5,3065        Stevens County
5,3067        Thurston County
5,3069        Wahkiakum County
5,3071        Walla Walla County
5,3073        Whatcom County
5,3075        Whitman County
5,3077        Yakima County
5,4000        West Virginia
5,4001        Barbour County
5,4003        Berkeley County
5,4005        Boone County
5,4007        Braxton County
5,4009        Brooke County
5,4011        Cabell County
5,4013        Calhoun County
5,4015        Clay County
5,4017        Doddridge County
5,4019        Fayette County
5,4021        Gilmer County
5,4023        Grant County
5,4025        Greenbrier County
5,4027        Hampshire County
5,4029        Hancock County
5,4031        Hardy County
5,4033        Harrison County
5,4035        Jackson County
5,4037        Jefferson County
5,4039        Kanawha County
5,4041        Lewis County
5,4043        Lincoln County
5,4045        Logan County
5,4047        McDowell County
5,4049        Marion County
5,4051        Marshall County
5,4053        Mason County
5,4055        Mercer County
5,4057        Mineral County
5,4059        Mingo County
5,4061        Monongalia County
5,4063        Monroe County
5,4065        Morgan County
5,4067        Nicholas County
5,4069        Ohio County
5,4071        Pendleton County
5,4073        Pleasants County
5,4075        Pocahontas County
5,4077        Preston County
5,4079        Putnam County
5,4081        Raleigh County
5,4083        Randolph County
5,4085        Ritchie County
5,4087        Roane County
5,4089        Summers County
5,4091        Taylor County
5,4093        Tucker County
5,4095        Tyler County
5,4097        Upshur County
5,4099        Wayne County
5,4101        Webster County
5,4103        Wetzel County
5,4105        Wirt County
5,4107        Wood County
5,4109        Wyoming County
5,5000        Wisconsin
5,5001        Adams County
5,5003        Ashland County
5,5005        Barron County
5,5007        Bayfield County
5,5009        Brown County
5,5011        Buffalo County
5,5013        Burnett County
5,5015        Calumet County
5,5017        Chippewa County
5,5019        Clark County
5,5021        Columbia County
5,5023        Crawford County
5,5025        Dane County
5,5027        Dodge County
5,5029        Door County
5,5031        Douglas County
5,5033        Dunn County
5,5035        Eau Claire County
5,5037        Florence County
5,5039        Fond du Lac County
5,5041        Forest County
5,5043        Grant County
5,5045        Green County
5,5047        Green Lake County
5,5049        Iowa County
5,5051        Iron County
5,5053        Jackson County
5,5055        Jefferson County
5,5057        Juneau County
5,5059        Kenosha County
5,5061        Kewaunee County
5,5063        La Crosse County
5,5065        Lafayette County
5,5067        Langlade County
5,5069        Lincoln County
5,5071        Manitowoc County
5,5073        Marathon County
5,5075        Marinette County
5,5077        Marquette County
5,5078        Menominee County
5,5079        Milwaukee County
5,5081        Monroe County
5,5083        Oconto County
5,5085        Oneida County
5,5087        Outagamie County
5,5089        Ozaukee County
5,5091        Pepin County
5,5093        Pierce County
5,5095        Polk County
5,5097        Portage County
5,5099        Price County
5,5101        Racine County
5,5103        Richland County
5,5105        Rock County
5,5107        Rusk County
5,5109        St. Croix County
5,5111        Sauk County
5,5113        Sawyer County
5,5115        Shawano County
5,5117        Sheboygan County
5,5119        Taylor County
5,5121        Trempealeau County
5,5123        Vernon County
5,5125        Vilas County
5,5127        Walworth County
5,5129        Washburn County
5,5131        Washington County
5,5133        Waukesha County
5,5135        Waupaca County
5,5137        Waushara County
5,5139        Winnebago County
5,5141        Wood County
5,6000        Wyoming
5,6001        Albany County
5,6003        Big Horn County
5,6005        Campbell County
5,6007        Carbon County
5,6009        Converse County
5,6011        Crook County
5,6013        Fremont County
5,6015        Goshen County
5,6017        Hot Springs County
5,6019        Johnson County
5,6021        Laramie County
5,6023        Lincoln County
5,6025        Natrona County
5,6027        Niobrara County
5,6029        Park County
5,6031        Platte County
5,6033        Sheridan County
5,6035        Sublette County
5,6037        Sweetwater County
5,6039        Teton County
5,6041        Uinta County
5,6043        Washakie County
5,6045        Weston County
